﻿id,old_id,parent_id,active,publish,organization,title,list_title,list_detail,body,url,old_url,category,sub_category,thumb,image,caption,type,project_formats,periods_text,periods,locations_text,locations,area,entry_fee,tags,keywords,detail_info_0_name,detail_info_0_value,detail_info_1_name,detail_info_1_value,detail_info_2_name,detail_info_2_value,detail_info_3_name,detail_info_3_value,detail_info_4_name,detail_info_4_value,detail_info_5_name,detail_info_5_value,detail_info_6_name,detail_info_6_value,detail_info_7_name,detail_info_7_value,detail_info_8_name,detail_info_8_value,detail_info_9_name,detail_info_9_value,_dev_notes
1,1,,0,1,東京国立近代美術館,「イメージコレクター・杉浦非水展」,「イメージコレクター・杉浦非水展」,"東京国立近代美術館
2019年2月9日（土）～5月26日（日）
前期：2019年2月9日（土）～4月7日（日）
後期：2019年4月10日（水）～5月26日（日）",日本のグラフィックデザインの創成期に、重要な役割を果たした図案家の杉浦非水。本展では当館の杉浦非水コレクションから、三越のためのポスターや表紙デザインなどを、19年ぶりに一堂に展示します。さらに本展のために新たにデジタル化した16mmフィルムの映像やスクラップブックなど、貴重な作家旧蔵資料も初公開します。,https://japanculturalexpo.bunka.go.jp/ja/programs/1/,https://www.ntj.jac.go.jp/nihonhaku/project/project_01.html,美術・文化財,[],https://www.ntj.jac.go.jp/assets/images/nihonhaku_pre/project/project_01/ph_thumbnail.jpg,https://www.ntj.jac.go.jp/assets/images/nihonhaku_pre/project/project_01/ph_mainimage.jpg,杉浦非水「三越呉服店春の新柄陳列会」東京国立近代美術館,参画,[],"2019年2月9日（土）～5月26日（日）
前期：2019年2月9日（土）～4月7日（日）
後期：2019年4月10日（水）～5月26日（日）",[],東京国立近代美術館,[],[],,[],[],事業名,「イメージコレクター・杉浦非水展」,開催場所,東京国立近代美術館,開催期間,"2019年2月9日（土）～5月26日（日）
前期：2019年2月9日（土）～4月7日（日）
後期：2019年4月10日（水）～5月26日（日）",リンク先,"<a href=""http://www.momat.go.jp/am/exhibition/imagecollector2019/"" target=""_blank"" rel=""noopener"" onclick=""ga('send', 'event', 'nihonhaku', 'project_01', '詳細リンク_1');"">http://www.momat.go.jp/am/exhibition/imagecollector2019/</a>",,,,,,,,,,,,,